ID,Text,Comment
BeaverBuddies.Menu.JoinCoopGame,"Koop-Spiel beitreten","Join co-op game"
BeaverBuddies.JoinCoopGame.EnterIp,"Geben Sie die globale IP-Adresse des Hosts ein:","Enter the global IP address of the Host:"
BeaverBuddies.FirstTimer.Message,"Es sieht so aus, als wäre dies das erste Mal, dass Sie BeaverBuddies verwenden. Wir empfehlen, einen kurzen Blick in unseren Leitfaden zu werfen, um sicherzustellen, dass Sie zum Spielen bereit sind. Möchten Sie das jetzt tun?","It looks like this is your first time using BeaverBuddies. We recommend taking a quick look through our guide to make sure you are set up to play. Would you like to do that now?"
BeaverBuddies.Saving.HostCoopGame,"Koop-Spiel hosten","Host co-op game"
BeaverBuddies.JoinCoopGame.ConnectionFailedMessageWithError,"Verbindung fehlgeschlagen mit Fehler:
{0}
Möchten Sie die Fehlerbehebung öffnen?","Joining failed with error:
{0}
Would you like to open the troubleshooting guide?"
BeaverBuddies.JoinCoopGame.ConnectionFailedMessage,"Verbindung zum Host fehlgeschlagen. Möchten Sie die Fehlerbehebung öffnen?","Failed to connect to Host. Would you like to open the troubleshooting guide?"
BeaverBuddies.ClientDesynced.Message,"Ein verbundener Spieler hat die Synchronisation verloren und kann nicht weiterspielen - tut uns leid! Der Host sollte neu hosten, und DANACH sollte sich der Client erneut verbinden. Wenn die Probleme weiterhin bestehen, müssen Sie möglicherweise das Spiel neu starten. Möchten Sie vor dem Neuladen einen Fehlerbericht einreichen, um uns zu helfen, dieses Problem zu beheben?","A connected player desynced and cannot continue playing - sorry about that! The Host should hit Rehost and, AFTER that, the Client should Reconnect. You may need to restart the game if problems persist. Before reloading, would you like to file a bug report to help us fix this issue?"
BeaverBuddies.ClientDesynced.FailedToRehostMessage,"Fehler beim erneuten Hosten. Manuell speichern und erneut hosten.","Failed to Rehost. Manually save and Host again."
BeaverBuddies.ClientDesynced.SaveAndRehostButton,"Speichern und erneut hosten","Save and Rehost"
BeaverBuddies.ClientDesynced.WaitForRehostButton,"Erneut verbinden (auf erneutes Hosten warten)","Reconnect (wait for Rehost)"
BeaverBuddies.ClientDesynced.PostBugReportButton,"Fehlerbericht senden","Post Bug Report"
BeaverBuddies.Editor.StartingLocation1,"Startposition - Spieler 1",""
BeaverBuddies.Editor.StartingLocation2,"Startposition - Spieler 2",""
BeaverBuddies.Editor.StartingLocation3,"Startposition - Spieler 3",""
BeaverBuddies.Editor.StartingLocation4,"Startposition - Spieler 4",""
BeaverBuddies.NewGame.MaxStartingLocations,"Maximale Startpositionen",""
BeaverBuddies.ClientDesynced.ReportSuccess,"Erfolg!",""
BeaverBuddies.ClientDesynced.ReportFailed,"Fehlgeschlagen :(",""
BeaverBuddies.ClientDesynced.ConsentAgreement,"Ja, ich stimme zu",""
BeaverBuddies.ClientDesynced.TracingEnabled,"Aktiviert",""
BeaverBuddies.ClientDesynced.EnableTracing,"Protokollierung aktivieren",""
BeaverBuddies.ClientDesynced.NeedToEnableTracing,"Um diese Desynchronisation zu melden, müssen *alle Spieler* zunächst eine detailliertere Protokollierung aktivieren, indem sie unten auf 'Protokollierung aktivieren' klicken. Wenn dann eine weitere Desynchronisation auftritt, können Sie einen detaillierten, automatisierten Fehlerbericht senden. Der Protokollierungsmodus kann zu etwas Verzögerung führen, ist jedoch nur bis zum Neustart des Spiels aktiv.",""
BeaverBuddies.ClientDesynced.ConsentMessage,"Zustimmung zur Weitergabe von Nutzungsdaten

Indem Sie sich entscheiden, Ihre Daten zu teilen, stimmen Sie zu, die folgenden Informationen aus Ihrer Spielsitzung an die Entwickler dieses Mods zu senden:

- Protokolldaten: Informationen, die während Ihrer Spielsitzung automatisch gesammelt werden, wie Spielereignisse und Benutzerinteraktionen.
- Speicherdatei: Ihre aktuelle Spielstanddatei.

Wir bemühen uns, Ihre Privatsphäre zu wahren, indem wir diese Daten weitgehend anonym halten. Da die Daten jedoch im Ist-Zustand gesammelt werden, können sie unbeabsichtigt Details enthalten, die Sie identifizieren könnten (wie Dateipfade oder Benutzernamen). Die Entwickler werden nicht versuchen, Sie anhand dieser Informationen zu identifizieren.

Ihre Optionen:
- Wenn Sie zustimmen, werden diese Daten sicher an die Entwickler gesendet und zur Verbesserung des Mods verwendet.
- Wenn Sie nicht zustimmen, werden keine Daten gesendet, und Ihr Spiel wird ohne Änderungen fortgesetzt.

Indem Sie fortfahren, bestätigen Sie, dass Sie mindestens das gesetzliche digitale Zustimmungsalter in Ihrem Wohnsitzland erreicht haben.

Stimmen Sie zu, Ihre Daten mit den Entwicklern dieses Mods zu teilen?",""
BeaverBuddies.Settings.ClientConnectionAddress,"Client‑Verbindungsadresse",""
BeaverBuddies.Settings.ClientConnectionAddress.Tooltip,"Standard‑IP‑Adresse, die beim Verbinden mit einem Host verwendet wird.",""
BeaverBuddies.Settings.Port,"Port",""
BeaverBuddies.Settings.Port.Tooltip,"Port, der beim Hosten oder Beitreten eines Spiels verwendet wird. Dieser sollte beim Host weitergeleitet werden.",""
BeaverBuddies.Settings.SilenceLogging,"Logging unterdrücken",""
BeaverBuddies.Settings.SilenceLogging.Tooltip,"Verhindert, dass dieses Mod in die Spieler‑Logdatei schreibt (außer Warnungen und Fehlern).
Diese Einstellung ist für Entwickler gedacht.",""
BeaverBuddies.Settings.ShowFirstTimerMessage,"Zeige Erst‑Timer‑Meldung",""
BeaverBuddies.Settings.AlwaysTrace,"Immer detailliertes Logging verwenden",""
BeaverBuddies.Settings.AlwaysTrace.Tooltip,"Wenn aktiviert, wird das Spiel immer detailliertes Logging verwenden, sodass du Desync‑Berichte ab dem ersten Auftreten einreichen kannst, ohne Logging manuell zu aktivieren.
Beachte, dass alle Spieler diese Einstellung aktiviert haben müssen.
Diese Einstellung kann zu Verzögerungen führen und wird nicht für die meisten Spieler empfohlen.",""
BeaverBuddies.Settings.ReportingConsent,"Zustimmung zur Berichtserstattung",""
BeaverBuddies.Settings.EnableSteamConnection,"Steam‑Netzwerk aktivieren",""
BeaverBuddies.Settings.EnableSteamConnection.Tooltip,"Ermöglicht Spielern, über Steams Peer‑to‑Peer‑Netzwerk deinem Spiel beizutreten.
Spieler können weiterhin über Port‑Weiterleitung beitreten.
Hinweis: Diese Funktion funktioniert möglicherweise nicht, wenn dein Netzwerk P2P nicht unterstützt.
Außerdem können Peer‑to‑Peer‑Verbindungen langsamer sein als direkte Verbindungen.",""
BeaverBuddies.Settings.FriendsCanJoinSteamGame,"Freunde direkt über Steam beitreten lassen",""
BeaverBuddies.Settings.FriendsCanJoinSteamGame.Tooltip,"Wenn aktiviert, können deine Freunde direkt über Steam deinem Spiel beitreten, ohne dass du sie einladen musst.",""
BeaverBuddies.Settings.PauseReduction,"Anzahl der erzwungenen Pausen reduzieren",""
BeaverBuddies.Settings.PauseReduction.Tooltip,"Für ein optimales Erlebnis sollten alle Spieler die gleiche Einstellung verwenden.

Aus - Standardverhalten
Nur Menü - Automatische Pause nur beim Öffnen des Menüs (nicht bei Abrissen)
Nie automatisch pausieren - Das Spiel wird nie automatisch pausiert, auch nicht beim Öffnen des Menüs. Dies kann zu Speicherschäden führen, wenn du das Spiel vor dem Speichern nicht pausierst.",""
BeaverBuddies.Settings.PauseReduction.Off,"Aus",""
BeaverBuddies.Settings.PauseReduction.LowRisk,"Nur Menü",""
BeaverBuddies.Settings.PauseReduction.HighRisk,"Nie automatisch pausieren",""
BeaverBuddies.Host.ConnectedClients,"Warte auf Clients…
Derzeit verbundene Clients:",""
BeaverBuddies.Host.DirectConnectClient,"Direkt‑Connect‑Client",""
BeaverBuddies.Host.StartGame,"Spiel starten",""
BeaverBuddies.Host.InviteFriends,"Freunde einladen",""
BeaverBuddies.JoinCoopGame.Success,"Beigetreten! Karte wird empfangen…",""
BeaverBuddies.JoinCoopGame.Error.InvalidFormat,"Ungültiges Adressformat. Port konnte nicht analysiert werden.",""
BeaverBuddies.JoinCoopGame.Error.InvalidAddress,"Die Adresse war keine gültige IP-Adresse.
Es wurde versucht, sie als Hostnamen aufzulösen, aber sie konnte keiner IP-Adresse zugeordnet werden.",""
BeaverBuddies.JoinCoopGame.Error.CouldNotConnect,"Verbindung zum Host konnte nicht hergestellt werden. Bitte überprüfen Sie die Adresse und den Port und stellen Sie sicher, dass der Host das Spiel hostet und die Portweiterleitung aktiviert ist, falls erforderlich. Fehlerinformationen:",""
BeaverBuddies.KeyBindings.Group,"BeaverBuddies",""
BeaverBuddies.KeyBindings.Ping,"Ort markieren",""
BeaverBuddies.Settings.PingPlayerName,"Anzeigename für Markierungen",""
BeaverBuddies.Settings.PingPlayerName.Tooltip,"Der Name, der anderen Spielern neben deinen Markierungen angezeigt wird.",""
BeaverBuddies.Settings.PingColor,"Markierungsfarbe",""
BeaverBuddies.Settings.PingColor.Tooltip,"Die Farbe, mit der deine Markierungen auf den Bildschirmen aller Spieler gezeichnet werden.",""
BeaverBuddies.Settings.AllowDevTools,"Entwicklerwerkzeuge im Koop erlauben",""
BeaverBuddies.Settings.AllowDevTools.Tooltip,"Wenn du hostest, dürfen alle Spieler die Entwicklerwerkzeuge verwenden. Damit gemachte Änderungen werden synchronisiert. Werkzeuge, die nicht synchronisiert werden können, sind im Koop immer gesperrt.",""
BeaverBuddies.DevTools.DisabledByHost,"Der Host hat die Entwicklerwerkzeuge für dieses Spiel deaktiviert.",""
BeaverBuddies.DevTools.NotSynced,"Dieses Entwicklerwerkzeug kann im Koop nicht verwendet werden, weil es nicht synchronisiert werden kann.",""
BeaverBuddies.Settings.ShowPlayerCursors,"Spielercursor anzeigen",""
BeaverBuddies.Settings.ShowPlayerCursors.Tooltip,"Zeigt, wohin die anderen Spieler zeigen, und teilt deinen eigenen Cursor mit ihnen. Verwendet deine Markierungsfarbe.",""
BeaverBuddies.Settings.SciencePerPlayer,"Getrennte Wissenschaft pro Spieler",""
BeaverBuddies.Settings.SciencePerPlayer.Tooltip,"Wenn du hostest, hat jeder Spieler eigene Wissenschaftspunkte. Bezirke verdienen Wissenschaft für den Spieler, dem sie gehören, und Freischaltungen bezahlt, wer freischaltet. Wissenschaft aus Bezirken ohne Besitzer teilen sich alle.",""
BeaverBuddies.Districts.Owner,"Gehört",""
BeaverBuddies.Districts.NoOwner,"Niemand",""
BeaverBuddies.Settings.TopBarShowsOwnDistricts,"Obere Leiste zeigt meine Bezirke",""
BeaverBuddies.Settings.TopBarShowsOwnDistricts.Tooltip,"Wenn kein Bezirk ausgewählt ist, zählen die Ressourcen oben nur die Bezirke, die dir gehören. Wenn dir keiner gehört, zählen sie die ganze Siedlung.",""
Building.BeaverBuddies.TradingPost.DisplayName,"Handelsposten",""
Building.BeaverBuddies.TradingPost.Description,"Ein Bezirksübergang, der einmal pro Stunde Güter zu einem festen Kurs mit dem Bezirk auf der anderen Seite tauscht.",""
Building.BeaverBuddies.TradingPost.FlavorDescription,"Ein fairer Preis ist das, worauf sich beide Ufer einigen.",""
BeaverBuddies.Trading.Amount,"Menge",""
BeaverBuddies.Trading.Nothing,"Nichts",""
BeaverBuddies.Trading.Status.NotConfigured,"Wähle, was dieser Bezirk gibt und was er zurückbekommt.",""
BeaverBuddies.Trading.Status.NotConnected,"Braucht auf jeder Seite einen anderen Bezirk.",""
BeaverBuddies.Trading.Status.MissingGoodsHere,"Nicht genug Güter zum Geben in diesem Bezirk.",""
BeaverBuddies.Trading.Status.MissingGoodsThere,"Nicht genug Güter im anderen Bezirk.",""
BeaverBuddies.Trading.Status.NoSpaceHere,"Kein Platz mehr in den Lagern dieses Bezirks.",""
BeaverBuddies.Trading.Status.NoSpaceThere,"Kein Platz mehr in den Lagern des anderen Bezirks.",""
BeaverBuddies.Trading.Status.Traded,"In der letzten Stunde gehandelt.",""
BeaverBuddies.Trading.YouGive,"Du gibst",""
BeaverBuddies.Trading.YouGet,"Du bekommst",""
BeaverBuddies.Trading.AddDeal,"Handel hinzufügen",""
BeaverBuddies.Trading.Approve,"Zustimmen",""
BeaverBuddies.Trading.Remove,"Entfernen",""
BeaverBuddies.Trading.ApprovedBy,"{0} hat zugestimmt",""
BeaverBuddies.Trading.WaitingFor,"Wartet auf {0}",""
BeaverBuddies.Trading.UnknownDistrict,"Anderer Bezirk",""
BeaverBuddies.Trading.Status.AwaitingApproval,"Wartet auf die Zustimmung beider Seiten.",""
BeaverBuddies.Trading.OnlyOwnerCanEdit,"Nur {0} kann die Handel dieses Bezirks ändern.",""
BeaverBuddies.Settings.ShowOwnerColors,"Bezirksbesitzer-Farben anzeigen",""
BeaverBuddies.Settings.ShowOwnerColors.Tooltip,"Färbt jedes Bezirkszentrum und seine Wege leicht in der Farbe des Besitzers (seiner Markierungsfarbe). Ändert nur, was du siehst.",""
BeaverBuddies.Ownership.ToolGroup,"Besitz",""
BeaverBuddies.Ownership.MakeShared,"Teilen",""
BeaverBuddies.Ownership.MakeShared.Description,"Klicke oder ziehe über Gebäude, die du platziert hast, um sie zu teilen: Jeder Bezirk kann sie bauen.",""
BeaverBuddies.Ownership.MakeMine,"Beanspruchen",""
BeaverBuddies.Ownership.MakeMine.Description,"Klicke oder ziehe über geteilte Gebäude, um sie zu beanspruchen: Nur deine Bezirke bauen sie.",""
BeaverBuddies.Specializations.Label,"Spezialisierung",""
BeaverBuddies.Specializations.None,"Keine",""
BeaverBuddies.Specializations.Hint,"Arbeitsplätze dieser Kategorie arbeiten {0}% schneller, andere Produktionsstätten in diesem Bezirk {1}% langsamer. Einmal pro Zyklus änderbar.",""
BeaverBuddies.Specializations.Cooldown,"Schon in diesem Zyklus geändert. Im nächsten Zyklus wieder änderbar.",""
BeaverBuddies.Specializations.OnlyOwner,"Nur der Besitzer dieses Bezirks kann die Spezialisierung ändern.",""
BeaverBuddies.Settings.DistrictSpecializations,"Bezirksspezialisierungen",""
BeaverBuddies.Settings.DistrictSpecializations.Tooltip,"Wenn du hostest, kann jeder Bezirk einen Produktionsschwerpunkt wählen: Arbeitsplätze darin arbeiten schneller, andere Produktionsstätten im Bezirk langsamer.",""
BeaverBuddies.BorderProtection.Blocked,"Das gehört zum Bezirk von {0}.",""
BeaverBuddies.Settings.BorderProtection,"Grenzschutz",""
BeaverBuddies.Settings.BorderProtection.Tooltip,"Wenn du hostest, können Spieler Gebäude und Biber in Bezirken anderer Spieler nicht abreißen, pausieren oder umstellen.",""
BeaverBuddies.Settings.MixedFactions,"Gemischte Fraktionen",""
BeaverBuddies.Settings.MixedFactions.Tooltip,"Wenn du ein neues Koop-Spiel hostest (oder eines ohne diese Einstellung lädst), gibt es beide Fraktionen und jeder Spieler baut mit seiner eigenen. Wird mit dem Spiel gespeichert.",""
BeaverBuddies.Settings.MyFaction,"Meine Fraktion",""
BeaverBuddies.Settings.MyFaction.Tooltip,"Die Fraktion, mit der du in einem Spiel mit gemischten Fraktionen baust. Dein erstes Bezirkszentrum einer Fraktion, die noch nicht auf der Karte ist, ist ein kostenloser Start. Gilt ab dem Laden des Spiels.",""
BeaverBuddies.Settings.MyFaction.Host,"Fraktion des Hosts",""
Building.BeaverBuddies.PowerExchange.DisplayName,"Energiebörse",""
Building.BeaverBuddies.PowerExchange.Description,"Ein Grenzpaar, das Energie aus dem Netz eines Bezirks an das des anderen verkauft. Die Arbeiter des Käufers bringen die verlangten Güter, die des Verkäufers bringen die Bezahlung in ihre Lager.",""
Building.BeaverBuddies.PowerExchange.FlavorDescription,"Jedes Zahnrad hat seinen Preis.",""
BeaverBuddies.PowerExchange.StartSelling,"Energie von dieser Seite verkaufen",""
BeaverBuddies.PowerExchange.StopSelling,"Verkauf beenden",""
BeaverBuddies.PowerExchange.Selling,"Diese Seite verkauft Energie an die andere.",""
BeaverBuddies.PowerExchange.Buying,"Diese Seite kauft Energie. Preise pro Stunde:",""
BeaverBuddies.PowerExchange.NotSelling,"Noch verkauft keine Seite Energie.",""
BeaverBuddies.PowerExchange.MaxPower,"Max. Leistung",""
BeaverBuddies.PowerExchange.Power,"Leistung",""
BeaverBuddies.PowerExchange.Good,"Bezahlt mit",""
BeaverBuddies.PowerExchange.Amount,"Menge",""
BeaverBuddies.PowerExchange.AddPrice,"Preis hinzufügen",""
BeaverBuddies.PowerExchange.RemovePrice,"Entfernen",""
BeaverBuddies.PowerExchange.PriceLine,"{0} PS für {1} {2}",""
BeaverBuddies.PowerExchange.NoPrices,"Noch keine Preise.",""
BeaverBuddies.PowerExchange.Hp,"{0} PS",""
BeaverBuddies.PowerExchange.Status.NotConnected,"Braucht eine zweite Hälfte dahinter, jenseits der Bezirksgrenze.",""
BeaverBuddies.PowerExchange.Status.NoShaft,"Schließe an jede Hälfte eine Welle an.",""
BeaverBuddies.PowerExchange.Status.NoPrices,"Lege mindestens einen Preis fest.",""
BeaverBuddies.PowerExchange.Status.NotNeeded,"Die kaufende Seite braucht gerade keine Energie.",""
BeaverBuddies.PowerExchange.Status.NoSurplus,"Die verkaufende Seite hat keine Energie übrig.",""
BeaverBuddies.PowerExchange.Status.WaitingForPayment,"Wartet, dass die Arbeiter des Käufers die Bezahlung bringen.",""
BeaverBuddies.PowerExchange.Status.SellerFull,"Die Hälfte des Verkäufers ist voll: Seine Arbeiter müssen die Bezahlung ausladen.",""
BeaverBuddies.PowerExchange.Status.Sending,"Sende {0} PS (max. {1} PS).",""
